[
  {
    "id": 1,
    "timestamp_car": "fechaDelCarrito",
    "products": [
      {
        "name": "Fórmula 1",
        "description": "Autos",
        "code": "123456",
        "urlPicture": "https://m.media-amazon.com/images/I/71Kd1p3GCuL._AC_SX679_.jpg",
        "price": "5000",
        "stock": "10",
        "timestamp": "2022-08-21T21:01:21.877Z",
        "id": 2
      },
      {
        "name": "Dying Light 2",
        "description": "Aventura",
        "code": "123456",
        "urlPicture": "https://m.media-amazon.com/images/I/81-a4r+99mL._AC_SX569_.jpg",
        "price": "5000",
        "stock": "10",
        "timestamp": "2022-08-21T21:02:13.985Z",
        "id": 1
      }
    ]
  }
]