[
    {
      "id": 1,
      "timestamp": "fecha",
      "name": "Asus",
      "description": "Monitor Oled",
      "code:": "123456789",
      "urlPicture": "123wqe",
      "price": "12000",
      "stock": 10
    }
  ]

  [
    {
      "id": 1,
      "timestamp(car)": "fechaDelCarrito",
      "products": {
        "id": 1,
        "timestamp(product)": "fechaDelCarrito",
        "name": "Asus",
        "description": "Monitor Oled",
        "code:": "123456789",
        "urlPicture": "123wqe",
        "price": "12000",
        "stock": 10
      }
    }
  ]
  